DATE,LAT,LON,CHL,PAR,POC,PIC,SST
2015-11-02T02:54:59.000Z,6.02,99.98,0.85,53.298,193.6,0.00002199,30.82
2015-11-03T02:09:59.000Z,6.02,99.98,0.56,53.266,115.4,0.000046,30.05
2015-11-04T02:44:59.000Z,6.02,99.98,1.08,53.006,220.2,0.00002,30.32
2015-11-05T02:04:59.000Z,6.02,99.98,-32767,-32767,-32767,-32767,-32767
2015-11-06T02:34:59.000Z,6.02,99.98,-32767,43.37,-32767,-32767,-32767
2015-11-07T02:59:59.000Z,6.02,99.98,-32767,33.586,-32767,-32767,-32767
2015-11-08T02:25:00.000Z,6.02,99.98,-32767,26.436,-32767,-32767,-32767
2015-11-09T02:59:59.000Z,6.02,99.98,1.11,52.636,255.2,0.000212,30.61
2015-11-10T02:15:00.000Z,6.02,99.98,-32767,34.838,-32767,-32767,-32767
2015-11-11T02:50:00.000Z,6.02,99.98,-32767,52.47,-32767,-32767,-32767
2015-11-12T02:09:59.000Z,6.02,99.98,-32767,41.438,-32767,-32767,-32767
2015-11-13T02:39:58.000Z,6.02,99.98,-32767,47.004,-32767,-32767,-32767
2015-11-14T02:09:59.000Z,6.02,99.98,-32767,-32767,-32767,-32767,-32767
2015-11-15T02:29:59.000Z,6.02,99.98,0.65,52.022,142.6,0.000082,31.28
2015-11-16T02:59:59.000Z,6.02,99.98,-32767,50.378,-32767,-32767,-32767
2015-11-17T02:19:59.000Z,6.02,99.98,-32767,50.984,-32767,-32767,-32767
2015-11-18T02:54:59.000Z,6.02,99.98,-32767,51.558,-32767,-32767,-32767
2015-11-19T02:09:59.000Z,6.02,99.98,0.39,51.536,95,0.000094,-32767
2015-11-20T02:44:59.000Z,6.02,99.98,-32767,49.958,-32767,-32767,-32767
2015-11-21T02:05:00.000Z,6.02,99.98,-32767,-32767,-32767,-32767,-32767
2015-11-22T02:35:00.000Z,6.02,99.98,-32767,41.738,-32767,-32767,30.46
2015-11-23T03:00:00.000Z,6.02,99.98,-32767,9.602,-32767,-32767,-32767
2015-11-24T02:25:00.000Z,6.02,99.98,-32767,51.094,-32767,-32767,30.31
2015-11-25T03:00:00.000Z,6.02,99.98,-32767,35.384,-32767,-32767,-32767
2015-11-26T02:14:59.000Z,6.02,99.98,-32767,45.28,-32767,-32767,-32767
2015-11-27T02:50:00.000Z,6.02,99.98,-32767,50.802,-32767,-32767,-32767
2015-11-28T02:09:59.000Z,6.02,99.98,-32767,20.592,-32767,-32767,-32767
2015-11-29T02:39:59.000Z,6.02,99.98,0.73,50.412,144.6,0.00002199,30.77
2015-11-30T02:04:59.000Z,6.02,99.98,-32767,-32767,-32767,-32767,-32767
2015-12-01T02:29:59.000Z,6.02,99.98,-32767,17.924,-32767,-32767,-32767
2015-12-02T02:59:59.000Z,6.02,99.98,-32767,39,-32767,-32767,-32767
2015-12-03T02:19:59.000Z,6.02,99.98,-32767,50.3,-32767,-32767,-32767
2015-12-04T02:54:59.000Z,6.02,99.98,-32767,48.798,-32767,-32767,-32767
2015-12-05T02:10:00.000Z,6.02,99.98,-32767,49.934,-32767,-32767,-32767
2015-12-06T02:44:59.000Z,6.02,99.98,-32767,47.982,-32767,-32767,-32767
2015-12-07T02:05:00.000Z,6.02,99.98,-32767,-32767,-32767,-32767,-32767
2015-12-08T02:35:00.000Z,6.02,99.98,1.23,49.738,817.6,-32767,29.95
2015-12-09T03:00:00.000Z,6.02,99.98,-32767,22.354,-32767,-32767,-32767
2015-12-10T02:24:59.000Z,6.02,99.98,-32767,43.838,-32767,-32767,-32767
2015-12-11T03:00:00.000Z,6.02,99.98,1.78,49.356,241,0.000024,30.64
2015-12-12T02:14:59.000Z,6.02,99.98,1.03,49.486,152.2,0.000016,30.28
2015-12-13T02:49:59.000Z,6.02,99.98,-32767,49.492,-32767,-32767,-32767
2015-12-14T02:09:59.000Z,6.02,99.98,-32767,47.088,-32767,-32767,-32767
2015-12-15T02:39:59.000Z,6.02,99.98,-32767,32.242,-32767,-32767,-32767
2015-12-16T02:04:59.000Z,6.02,99.98,-32767,-32767,-32767,-32767,-32767
2015-12-17T02:29:59.000Z,6.02,99.98,-32767,47.804,-32767,-32767,-32767
2015-12-18T02:59:59.000Z,6.02,99.98,-32767,49.35,-32767,-32767,-32767
2015-12-19T02:20:00.000Z,6.02,99.98,-32767,49.388,-32767,-32767,30.35
2015-12-20T02:54:59.000Z,6.02,99.98,-32767,48.648,-32767,-32767,-32767
2015-12-21T02:09:59.000Z,6.02,99.98,-32767,18.34,-32767,-32767,-32767
2015-12-22T02:45:00.000Z,6.02,99.98,3.06,49.376,608.4,0.000012,-32767
2015-12-23T02:04:59.000Z,6.02,99.98,-32767,-32767,-32767,-32767,-32767
2015-12-24T02:34:59.000Z,6.02,99.98,-32767,44.65,-32767,-32767,-32767
2015-12-25T02:59:59.000Z,6.02,99.98,-32767,43.094,-32767,-32767,-32767
2015-12-26T02:24:59.000Z,6.02,99.98,-32767,47.286,-32767,-32767,-32767
2015-12-27T02:59:59.000Z,6.02,99.98,-32767,42.442,-32767,-32767,-32767
2015-12-28T02:14:59.000Z,6.02,99.98,0.47,49.552,105.6,0.00002199,28.98
2015-12-29T02:49:59.000Z,6.02,99.98,-32767,41.148,-32767,-32767,-32767
2015-12-30T02:09:59.000Z,6.02,99.98,-32767,49.716,-32767,-32767,28.35
2015-12-31T02:39:59.000Z,6.02,99.98,1.74,49.628,308,0.00002199,28.59
2016-01-01T02:05:00.000Z,6.02,99.98,-32767,-32767,-32767,-32767,-32767
2016-01-02T02:30:00.000Z,6.02,99.98,-32767,-32767,-32767,-32767,28.82
2016-01-03T03:00:00.000Z,6.02,99.98,-32767,48.52,-32767,-32767,-32767
2016-01-04T02:20:00.000Z,6.02,99.98,2.71,49.594,276.8,0.000014,29.67
2016-01-05T02:55:00.000Z,6.02,99.98,2.82,49.506,333.8,0.00002,29.53
2016-01-06T02:09:59.000Z,6.02,99.98,1.01,49.696,153,0.000028,30.04
2016-01-07T02:44:59.000Z,6.02,99.98,0.86,49.64,172.2,0.000082,30.22
2016-01-08T02:04:59.000Z,6.02,99.98,-32767,-32767,-32767,-32767,-32767
2016-01-09T02:34:59.000Z,6.02,99.98,1.12,49.944,237,0.000048,29.28
2016-01-10T02:59:59.000Z,6.02,99.98,-32767,49.974,-32767,-32767,30.31
2016-01-11T02:24:59.000Z,6.02,99.98,1.2,50.106,225.4,0.000104,30.51
2016-01-12T02:59:59.000Z,6.02,99.98,1.31,50.136,200.2,0.00014599,30.31
2016-01-13T02:15:00.000Z,6.02,99.98,1.2,50.284,177.6,0.000068,29.67
2016-01-14T02:49:59.000Z,6.02,99.98,1.06,50.39,226.6,0.000014,28.19
2016-01-15T02:10:00.000Z,6.02,99.98,-32767,38.798,-32767,-32767,-32767
2016-01-16T02:40:00.000Z,6.02,99.98,-32767,44.82,-32767,-32767,-32767
2016-01-17T02:05:00.000Z,6.02,99.98,-32767,-32767,-32767,-32767,-32767
2016-01-18T02:30:00.000Z,6.02,99.98,-32767,26.226,-32767,-32767,-32767
2016-01-19T03:00:00.000Z,6.02,99.98,-32767,50.112,-32767,-32767,-32767
2016-01-20T02:19:59.000Z,6.02,99.98,0.69,50.94,126.2,0.000014,31.01
2016-01-21T02:55:00.000Z,6.02,99.98,0.9,50.92,172.8,0.000014,31.99
2016-01-22T02:09:59.000Z,6.02,99.98,0.72,51.216,128.6,0.00002199,31.93
2016-01-23T02:44:59.000Z,6.02,99.98,0.73,51.134,163.2,0.000016,31.21
2016-01-24T02:04:59.000Z,6.02,99.98,-32767,-32767,-32767,-32767,-32767
2016-01-25T02:34:59.000Z,6.02,99.98,-32767,-32767,-32767,-32767,-32767
2016-01-26T02:59:59.000Z,6.02,99.98,-32767,51.174,-32767,-32767,-32767
2016-01-27T02:24:59.000Z,6.02,99.98,-32767,-32767,-32767,-32767,29.18
2016-01-28T02:59:59.000Z,6.02,99.98,-32767,51.768,-32767,-32767,-32767
2016-01-29T02:15:00.000Z,6.02,99.98,-32767,51.702,-32767,-32767,-32767
2016-01-30T02:49:59.000Z,6.02,99.98,-32767,51.904,-32767,-32767,29.5
2016-01-31T02:10:00.000Z,6.02,99.98,-32767,43.304,-32767,-32767,-32767
2016-02-01T02:40:00.000Z,6.02,99.98,1.82,52.416,274,0.000542,29.7
2016-02-02T02:10:00.000Z,6.02,99.98,-32767,-32767,-32767,-32767,-32767
2016-02-03T02:29:59.000Z,6.02,99.98,-32767,-32767,-32767,-32767,29.61
2016-02-04T02:59:58.000Z,6.02,99.98,-32767,52.99,-32767,-32767,-32767
2016-02-05T02:19:59.000Z,6.02,99.98,-32767,34.244,-32767,-32767,-32767
2016-02-06T02:54:59.000Z,6.02,99.98,-32767,14.782,-32767,-32767,-32767
2016-02-07T02:09:59.000Z,6.02,99.98,-32767,38.724,-32767,-32767,-32767
2016-02-08T02:44:59.000Z,6.02,99.98,-32767,47.006,-32767,-32767,-32767
2016-02-09T02:14:59.000Z,6.02,99.98,-32767,-32767,-32767,-32767,-32767
2016-02-10T02:34:59.000Z,6.02,99.98,-32767,37.39,-32767,-32767,-32767
2016-02-11T02:59:59.000Z,6.02,99.98,-32767,50.048,-32767,-32767,-32767
2016-02-12T02:25:00.000Z,6.02,99.98,-32767,49.9,-32767,-32767,-32767
2016-02-13T02:59:59.000Z,6.02,99.98,-32767,53.25,-32767,-32767,-32767
2016-02-14T02:14:58.000Z,6.02,99.98,-32767,53.568,-32767,-32767,-32767
2016-02-15T02:50:00.000Z,6.02,99.98,1.32,54.126,212.4,0.00002199,30.42
2016-02-16T02:09:59.000Z,6.02,99.98,-32767,54.362,-32767,-32767,30.23
2016-02-17T02:39:58.000Z,6.02,99.98,1.32,54.424,212.4,0.000026,30.99
2016-02-18T02:09:59.000Z,6.02,99.98,-32767,-32767,-32767,-32767,-32767
2016-02-19T02:29:59.000Z,6.02,99.98,-32767,-32767,-32767,-32767,-32767
2016-02-20T02:59:59.000Z,6.02,99.98,-32767,44.534,-32767,-32767,-32767
2016-02-21T02:19:59.000Z,6.02,99.98,-32767,54.686,-32767,-32767,29.94
2016-02-22T02:54:59.000Z,6.02,99.98,1.08,55.272,242.8,0.00002,29.74
2016-02-23T02:09:59.000Z,6.02,99.98,0.86,55.57,190.6,0.000014,30.26
2016-02-24T02:44:59.000Z,6.02,99.98,-32767,55.27,-32767,-32767,30.97
2016-02-25T02:14:59.000Z,6.02,99.98,-32767,-32767,-32767,-32767,-32767
2016-02-26T02:34:59.000Z,6.02,99.98,-32767,-32767,-32767,-32767,29.36
2016-02-27T02:59:59.000Z,6.02,99.98,-32767,55.814,-32767,-32767,30.32
2016-02-28T02:25:00.000Z,6.02,99.98,-32767,-32767,-32767,-32767,-32767
2016-02-29T02:59:59.000Z,6.02,99.98,-32767,55.438,-32767,-32767,-32767
2016-03-01T02:34:59.000Z,6.02,99.98,1.16,56.136,214,0.00017799,30.21
2016-03-02T02:50:00.000Z,6.02,99.98,1.33,56.122,239,0.00009,30
2016-03-03T02:25:00.000Z,6.02,99.98,-32767,54.276,-32767,-32767,-32767
2016-03-04T02:39:59.000Z,6.02,99.98,0.96,56.458,177,0.00016399,30.08
2016-03-05T02:09:59.000Z,6.02,99.98,-32767,-32767,-32767,-32767,-32767
2016-03-06T02:55:00.000Z,6.02,99.98,-32767,-32767,-32767,-32767,30.66
2016-03-07T02:59:59.000Z,6.02,99.98,-32767,55.76,-32767,-32767,-32767
2016-03-08T02:45:00.000Z,6.02,99.98,0.6,56.744,118.6,0.000012,31.72
2016-03-09T02:54:59.000Z,6.02,99.98,0.91,56.79,221,0.000016,31.38
2016-03-10T02:29:59.000Z,6.02,99.98,0.56,56.704,113.6,0.000016,30.64
2016-03-11T02:44:59.000Z,6.02,99.98,0.75,56.932,161.4,0.000018,30.85
2016-03-12T02:19:59.000Z,6.02,99.98,-32767,-32767,-32767,-32767,-32767
2016-03-13T02:59:59.000Z,6.02,99.98,-32767,-32767,-32767,-32767,29.68
2016-03-14T02:59:59.000Z,6.02,99.98,-32767,56.812,-32767,-32767,-32767
2016-03-15T02:49:59.000Z,6.02,99.98,-32767,-32767,-32767,-32767,30.05
2016-03-16T02:59:59.000Z,6.02,99.98,0.96,57.414,253.8,0.00036599,-32767
2016-03-17T02:39:59.000Z,6.02,99.98,0.88,56.18,184.2,0.000942,-32767
2016-03-18T02:50:00.000Z,6.02,99.98,0.75,57.52,202.2,0.00008,29.34
2016-03-19T02:25:00.000Z,6.02,99.98,-32767,57.122,-32767,-32767,30.58
2016-03-20T02:39:59.000Z,6.02,99.98,0.68,57.53,159.6,0.000016,31.17
2016-03-21T02:14:59.000Z,6.02,99.98,-32767,-32767,-32767,-32767,-32767
2016-03-22T02:59:59.000Z,6.02,99.98,-32767,-32767,-32767,-32767,-32767
2016-03-23T02:59:59.000Z,6.02,99.98,-32767,50.338,-32767,-32767,-32767
2016-03-24T02:45:00.000Z,6.02,99.98,-32767,-32767,-32767,-32767,-32767
2016-03-25T02:54:59.000Z,6.02,99.98,1.04,57.644,304.4,0.000024,30.98
2016-03-26T02:34:59.000Z,6.02,99.98,-32767,56.078,-32767,-32767,-32767
2016-03-27T02:44:59.000Z,6.02,99.98,-32767,57.004,-32767,-32767,-32767
2016-03-28T02:19:59.000Z,6.02,99.98,-32767,-32767,-32767,-32767,-32767
2016-03-29T02:59:59.000Z,6.02,99.98,-32767,-32767,-32767,-32767,30.61
2016-03-30T02:59:59.000Z,6.02,99.98,-32767,57.256,-32767,-32767,-32767
2016-03-31T02:49:59.000Z,6.02,99.98,-32767,-32767,-32767,-32767,30.77
2016-04-01T02:59:59.000Z,6.02,99.98,-32767,57.9,-32767,-32767,31.49
2016-04-02T02:39:59.000Z,6.02,99.98,-32767,56.564,-32767,-32767,31.45
2016-04-03T02:50:00.000Z,6.02,99.98,-32767,55.456,-32767,-32767,-32767
2016-04-04T02:25:00.000Z,6.02,99.98,-32767,56,-32767,-32767,32.26
2016-04-05T02:40:00.000Z,6.02,99.98,0.7,57.544,157.2,0.000036,30.97
2016-04-06T02:15:00.000Z,6.02,99.98,-32767,-32767,-32767,-32767,-32767
2016-04-07T02:59:59.000Z,6.02,99.98,-32767,-32767,-32767,-32767,-32767
2016-04-08T02:59:59.000Z,6.02,99.98,-32767,46.968,-32767,-32767,-32767
2016-04-09T02:45:00.000Z,6.02,99.98,-32767,-32767,-32767,-32767,32.38
2016-04-10T02:54:59.000Z,6.02,99.98,-32767,57.578,-32767,-32767,31.89
2016-04-11T02:34:59.000Z,6.02,99.98,-32767,56.426,-32767,-32767,32.54
2016-04-12T02:44:59.000Z,6.02,99.98,-32767,56.17,-32767,-32767,-32767
2016-04-13T02:19:59.000Z,6.02,99.98,-32767,-32767,-32767,-32767,-32767
2016-04-14T02:34:59.000Z,6.02,99.98,-32767,-32767,-32767,-32767,-32767
2016-04-15T02:59:59.000Z,6.02,99.98,-32767,57.474,-32767,-32767,-32767
2016-04-16T02:49:59.000Z,6.02,99.98,-32767,-32767,-32767,-32767,32.74
2016-04-17T02:59:59.000Z,6.02,99.98,0.57,57.192,132.4,0.000168,32.99
2016-04-18T02:39:59.000Z,6.02,99.98,-32767,49.602,-32767,-32767,-32767
2016-04-19T02:50:00.000Z,6.02,99.98,-32767,57.144,-32767,-32767,-32767
2016-04-20T02:25:00.000Z,6.02,99.98,-32767,52.838,-32767,-32767,-32767
2016-04-21T02:40:00.000Z,6.02,99.98,0.57,57.068,134.6,0.00005,32.98
2016-04-22T02:15:00.000Z,6.02,99.98,-32767,-32767,-32767,-32767,-32767
2016-04-23T02:59:59.000Z,6.02,99.98,-32767,-32767,-32767,-32767,32.56
2016-04-24T02:59:59.000Z,6.02,99.98,-32767,54.934,-32767,-32767,-32767
2016-04-25T02:45:00.000Z,6.02,99.98,-32767,-32767,-32767,-32767,-32767
2016-04-26T02:54:59.000Z,6.02,99.98,-32767,55.136,-32767,-32767,-32767
2016-04-27T02:34:59.000Z,6.02,99.98,-32767,53.864,-32767,-32767,-32767
2016-04-28T02:44:59.000Z,6.02,99.98,0.54,56.634,124,0.00006,31.12
2016-04-29T02:19:59.000Z,6.02,99.98,-32767,-32767,-32767,-32767,-32767
2016-04-30T02:59:59.000Z,6.02,99.98,-32767,-32767,-32767,-32767,-32767
2016-05-01T02:09:59.000Z,6.02,99.98,-32767,43.822,-32767,-32767,-32767
2016-05-02T02:49:59.000Z,6.02,99.98,-32767,-32767,-32767,-32767,-32767
2016-05-03T02:59:59.000Z,6.02,99.98,-32767,46.536,-32767,-32767,-32767
2016-05-04T02:39:59.000Z,6.02,99.98,-32767,52.342,-32767,-32767,-32767
2016-05-05T02:50:00.000Z,6.02,99.98,-32767,56.324,-32767,-32767,-32767
2016-05-06T02:25:00.000Z,6.02,99.98,-32767,54.624,-32767,-32767,-32767
2016-05-07T02:40:00.000Z,6.02,99.98,-32767,45.566,-32767,-32767,-32767
2016-05-08T02:15:00.000Z,6.02,99.98,-32767,-32767,-32767,-32767,-32767
2016-05-09T02:59:59.000Z,6.02,99.98,-32767,-32767,-32767,-32767,-32767
2016-05-10T02:59:59.000Z,6.02,99.98,-32767,55.628,-32767,-32767,-32767
2016-05-11T02:45:00.000Z,6.02,99.98,0.29,55.02,79.6,0.000012,32.9
2016-05-12T02:54:59.000Z,6.02,99.98,-32767,47.732,-32767,-32767,-32767
2016-05-13T02:34:59.000Z,6.02,99.98,-32767,50.464,-32767,-32767,-32767
2016-05-14T02:44:59.000Z,6.02,99.98,-32767,44.69,-32767,-32767,-32767
2016-05-15T02:19:59.000Z,6.02,99.98,-32767,-32767,-32767,-32767,-32767
2016-05-16T02:59:59.000Z,6.02,99.98,-32767,45.602,-32767,-32767,-32767
2016-05-17T02:09:59.000Z,6.02,99.98,-32767,43.928,-32767,-32767,-32767
2016-05-18T02:49:59.000Z,6.02,99.98,-32767,-32767,-32767,-32767,32.5
2016-05-19T02:59:59.000Z,6.02,99.98,0.42,55.26,100.6,0.000032,31.91
2016-05-20T02:39:59.000Z,6.02,99.98,-32767,23.384,-32767,-32767,-32767
2016-05-21T02:50:00.000Z,6.02,99.98,-32767,42.488,-32767,-32767,-32767
2016-05-22T02:25:00.000Z,6.02,99.98,-32767,18.18,-32767,-32767,-32767
2016-05-23T02:40:00.000Z,6.02,99.98,-32767,25.312,-32767,-32767,-32767
2016-05-24T02:15:00.000Z,6.02,99.98,-32767,-32767,-32767,-32767,-32767
2016-05-25T02:54:59.000Z,6.02,99.98,-32767,-32767,-32767,-32767,-32767
2016-05-26T02:59:59.000Z,6.02,99.98,-32767,44.032,-32767,-32767,-32767
2016-05-27T02:45:00.000Z,6.02,99.98,-32767,47.344,-32767,-32767,-32767
2016-05-28T02:54:59.000Z,6.02,99.98,-32767,29.956,-32767,-32767,-32767
2016-05-29T02:29:59.000Z,6.02,99.98,-32767,46.782,-32767,-32767,-32767
2016-05-30T02:44:59.000Z,6.02,99.98,-32767,37.768,-32767,-32767,-32767
2016-05-31T02:19:59.000Z,6.02,99.98,-32767,-32767,-32767,-32767,-32767
2016-06-01T02:59:59.000Z,6.02,99.98,0.57,54.47,148.4,0.00013199,32.49
2016-06-02T02:09:59.000Z,6.02,99.98,-32767,52.472,-32767,-32767,-32767
2016-06-03T02:49:59.000Z,6.02,99.98,-32767,-32767,-32767,-32767,-32767
2016-06-04T02:59:59.000Z,6.02,99.98,-32767,44.962,-32767,-32767,-32767
2016-06-05T02:39:59.000Z,6.02,99.98,0.39,54.724,95.6,0.000026,33.67
2016-06-06T02:50:00.000Z,6.02,99.98,0.38,54.642,97.4,0.000012,32.83
2016-06-07T02:25:00.000Z,6.02,99.98,-32767,50.202,-32767,-32767,-32767
2016-06-08T02:40:00.000Z,6.02,99.98,-32767,47.182,-32767,-32767,-32767
2016-06-09T02:15:00.000Z,6.02,99.98,-32767,-32767,-32767,-32767,-32767
2016-06-10T02:54:59.000Z,6.02,99.98,-32767,-32767,-32767,-32767,32.18
2016-06-11T02:59:59.000Z,6.02,99.98,-32767,53.768,-32767,-32767,30.72
2016-06-12T02:45:00.000Z,6.02,99.98,-32767,54.102,-32767,-32767,-32767
2016-06-13T02:54:59.000Z,6.02,99.98,-32767,47.278,-32767,-32767,-32767
2016-06-14T02:29:59.000Z,6.02,99.98,-32767,49.444,-32767,-32767,-32767
2016-06-15T02:44:59.000Z,6.02,99.98,-32767,47.616,-32767,-32767,-32767
2016-06-16T02:19:59.000Z,6.02,99.98,-32767,-32767,-32767,-32767,-32767
2016-06-17T02:59:59.000Z,6.02,99.98,-32767,47.388,-32767,-32767,-32767
2016-06-18T02:09:59.000Z,6.02,99.98,-32767,12.074,-32767,-32767,-32767
2016-06-19T02:49:59.000Z,6.02,99.98,-32767,45.054,-32767,-32767,-32767
2016-06-20T02:59:59.000Z,6.02,99.98,-32767,33.454,-32767,-32767,-32767
2016-06-21T02:39:59.000Z,6.02,99.98,-32767,18.184,-32767,-32767,-32767
2016-06-22T02:50:00.000Z,6.02,99.98,-32767,47.932,-32767,-32767,-32767
2016-06-23T02:25:00.000Z,6.02,99.98,-32767,47.37,-32767,-32767,-32767
2016-06-24T02:40:00.000Z,6.02,99.98,0.42,54.172,105,0.000104,-32767
2016-06-25T02:15:00.000Z,6.02,99.98,-32767,-32767,-32767,-32767,-32767
2016-06-26T02:54:59.000Z,6.02,99.98,-32767,-32767,-32767,-32767,-32767
2016-06-27T03:00:07.000Z,6.02,99.98,-32767,33.236,-32767,-32767,-32767
2016-06-28T02:45:09.000Z,6.02,99.98,-32767,30.796,-32767,-32767,-32767
2016-06-29T02:55:08.000Z,6.02,99.98,-32767,22.878,-32767,-32767,-32767
2016-06-30T02:30:08.000Z,6.02,99.98,-32767,23.436,-32767,-32767,-32767
2016-07-01T02:45:08.000Z,6.02,99.98,-32767,50.04,-32767,-32767,-32767
2016-07-02T02:20:08.000Z,6.02,99.98,-32767,-32767,-32767,-32767,-32767
2016-07-03T02:59:58.000Z,6.02,99.98,-32767,53.98,-32767,-32767,32.1
2016-07-04T02:04:59.000Z,6.02,99.98,-32767,53.97,-32767,-32767,31.88
2016-07-05T02:49:59.000Z,6.02,99.98,-32767,53.34,-32767,-32767,31.24
2016-07-06T02:59:59.000Z,6.02,99.98,-32767,51.9,-32767,-32767,-32767
2016-07-07T02:39:59.000Z,6.02,99.98,-32767,22.044,-32767,-32767,-32767
2016-07-08T02:49:59.000Z,6.02,99.98,-32767,47.042,-32767,-32767,-32767
2016-07-09T02:24:59.000Z,6.02,99.98,-32767,48.128,-32767,-32767,-32767
2016-07-10T02:40:00.000Z,6.02,99.98,-32767,53.498,-32767,-32767,-32767
2016-07-11T02:15:00.000Z,6.02,99.98,-32767,-32767,-32767,-32767,-32767
2016-07-12T02:54:59.000Z,6.02,99.98,-32767,-32767,-32767,-32767,-32767
2016-07-13T03:00:00.000Z,6.02,99.98,-32767,24.486,-32767,-32767,-32767
2016-07-14T02:45:00.000Z,6.02,99.98,-32767,50.002,-32767,-32767,-32767
2016-07-15T02:54:59.000Z,6.02,99.98,-32767,44.88,-32767,-32767,-32767
2016-07-16T02:29:59.000Z,6.02,99.98,0.58,54.252,138.8,0.0003,-32767
2016-07-17T02:44:59.000Z,6.02,99.98,0.57,54.042,159.6,0.00005399,29.98
2016-07-18T02:19:59.000Z,6.02,99.98,-32767,-32767,-32767,-32767,-32767
2016-07-19T03:00:00.000Z,6.02,99.98,-32767,-32767,-32767,-32767,-32767
2016-07-20T02:04:59.000Z,6.02,99.98,-32767,18.212,-32767,-32767,-32767
2016-07-21T02:49:59.000Z,6.02,99.98,-32767,37.612,-32767,-32767,-32767
2016-07-22T02:59:59.000Z,6.02,99.98,-32767,54.426,-32767,-32767,-32767
2016-07-23T02:39:59.000Z,6.02,99.98,-32767,52.614,-32767,-32767,-32767
2016-07-24T02:49:59.000Z,6.02,99.98,0.6,54.38,158.8,0.000406,30.36
2016-07-25T02:24:59.000Z,6.02,99.98,-32767,41.2,-32767,-32767,-32767
2016-07-26T02:40:00.000Z,6.02,99.98,0.35,54.548,102.6,0.00002,-32767
2016-07-27T02:15:00.000Z,6.02,99.98,-32767,-32767,-32767,-32767,-32767
2016-07-28T02:54:59.000Z,6.02,99.98,-32767,-32767,-32767,-32767,-32767
2016-07-29T03:00:00.000Z,6.02,99.98,-32767,54.49,-32767,-32767,30.91
2016-07-30T02:44:59.000Z,6.02,99.98,-32767,40.004,-32767,-32767,-32767
2016-07-31T02:54:58.000Z,6.02,99.98,0.45,54.84,126.8,0.000012,32.39
2016-08-01T02:29:58.000Z,6.02,99.98,-32767,46.226,-32767,-32767,-32767
2016-08-02T02:44:59.000Z,6.02,99.98,0.48,54.97,137,0.000014,30.56
2016-08-03T02:19:59.000Z,6.02,99.98,-32767,-32767,-32767,-32767,-32767
2016-08-04T03:00:00.000Z,6.02,99.98,-32767,-32767,-32767,-32767,-32767
2016-08-05T02:04:59.000Z,6.02,99.98,-32767,52.676,-32767,-32767,-32767
2016-08-06T02:49:59.000Z,6.02,99.98,-32767,55.106,-32767,-32767,-32767
2016-08-07T02:59:59.000Z,6.02,99.98,-32767,44.666,-32767,-32767,-32767
2016-08-08T02:39:59.000Z,6.02,99.98,-32767,32.27,-32767,-32767,-32767
2016-08-09T02:49:59.000Z,6.02,99.98,-32767,50.35,-32767,-32767,-32767
2016-08-10T02:24:59.000Z,6.02,99.98,-32767,43.626,-32767,-32767,-32767
2016-08-11T02:40:00.000Z,6.02,99.98,-32767,46.898,-32767,-32767,-32767
2016-08-12T02:15:00.000Z,6.02,99.98,-32767,-32767,-32767,-32767,-32767
2016-08-13T02:54:59.000Z,6.02,99.98,-32767,-32767,-32767,-32767,-32767
2016-08-14T03:00:00.000Z,6.02,99.98,-32767,34.57,-32767,-32767,-32767
2016-08-15T02:44:59.000Z,6.02,99.98,-32767,52.058,-32767,-32767,-32767
2016-08-16T02:55:00.000Z,6.02,99.98,-32767,46.418,-32767,-32767,-32767
2016-08-17T02:30:00.000Z,6.02,99.98,-32767,47.41,-32767,-32767,-32767
2016-08-18T02:44:59.000Z,6.02,99.98,-32767,46.424,-32767,-32767,-32767
2016-08-19T02:19:59.000Z,6.02,99.98,-32767,-32767,-32767,-32767,-32767
2016-08-20T03:00:00.000Z,6.02,99.98,-32767,-32767,-32767,-32767,-32767
2016-08-21T02:59:59.000Z,6.02,99.98,-32767,50.304,-32767,-32767,-32767
2016-08-22T02:50:00.000Z,6.02,99.98,-32767,-32767,-32767,-32767,-32767
2016-08-23T02:59:59.000Z,6.02,99.98,-32767,44.256,-32767,-32767,-32767
2016-08-24T02:39:59.000Z,6.02,99.98,-32767,56.534,-32767,-32767,-32767
2016-08-25T02:49:59.000Z,6.02,99.98,-32767,18.768,-32767,-32767,-32767
2016-08-26T02:24:59.000Z,6.02,99.98,-32767,51.37,-32767,-32767,-32767
2016-08-27T02:39:59.000Z,6.02,99.98,-32767,40.258,-32767,-32767,-32767
2016-08-28T02:14:59.000Z,6.02,99.98,-32767,-32767,-32767,-32767,-32767
2016-08-29T02:54:59.000Z,6.02,99.98,-32767,-32767,-32767,-32767,-32767
2016-08-30T03:00:00.000Z,6.02,99.98,-32767,55.848,-32767,-32767,-32767
2016-08-31T02:44:59.000Z,6.02,99.98,-32767,48.416,-32767,-32767,-32767
2016-09-01T02:55:00.000Z,6.02,99.98,-32767,22.42,-32767,-32767,-32767
2016-09-02T02:30:00.000Z,6.02,99.98,-32767,56.732,-32767,-32767,-32767
2016-09-03T02:44:59.000Z,6.02,99.98,-32767,52.208,-32767,-32767,-32767
2016-09-04T02:20:00.000Z,6.02,99.98,-32767,-32767,-32767,-32767,-32767
2016-09-05T03:00:00.000Z,6.02,99.98,-32767,-32767,-32767,-32767,-32767
2016-09-06T02:59:59.000Z,6.02,99.98,-32767,15.52,-32767,-32767,-32767
2016-09-07T02:50:00.000Z,6.02,99.98,-32767,-32767,-32767,-32767,-32767
2016-09-08T02:59:59.000Z,6.02,99.98,-32767,10.408,-32767,-32767,-32767
2016-09-09T02:39:59.000Z,6.02,99.98,0.64,56.728,129.4,0.000486,31.29
2016-09-10T02:49:59.000Z,6.02,99.98,-32767,56.652,-32767,-32767,-32767
2016-09-11T02:24:59.000Z,6.02,99.98,-32767,56.822,-32767,-32767,30.4
2016-09-12T02:39:59.000Z,6.02,99.98,-32767,56.78,-32767,-32767,-32767
2016-09-13T02:14:59.000Z,6.02,99.98,-32767,-32767,-32767,-32767,-32767
2016-09-14T02:54:59.000Z,6.02,99.98,-32767,-32767,-32767,-32767,-32767
2016-09-15T02:59:59.000Z,6.02,99.98,-32767,55.098,-32767,-32767,-32767
2016-09-16T02:44:59.000Z,6.02,99.98,-32767,-32767,-32767,-32767,32.11
2016-09-17T02:55:00.000Z,6.02,99.98,-32767,56.368,-32767,-32767,-32767
2016-09-18T02:30:00.000Z,6.02,99.98,-32767,39.352,-32767,-32767,-32767
2016-09-19T02:39:59.000Z,6.02,99.98,-32767,48.266,-32767,-32767,-32767
2016-09-20T02:20:00.000Z,6.02,99.98,-32767,-32767,-32767,-32767,-32767
2016-09-21T02:59:59.000Z,6.02,99.98,-32767,-32767,-32767,-32767,-32767
2016-09-22T02:59:59.000Z,6.02,99.98,-32767,29.338,-32767,-32767,-32767
2016-09-23T02:50:00.000Z,6.02,99.98,-32767,-32767,-32767,-32767,-32767
2016-09-24T02:59:59.000Z,6.02,99.98,-32767,55.576,-32767,-32767,-32767
2016-09-25T02:40:00.000Z,6.02,99.98,-32767,-32767,-32767,-32767,30.5
2016-09-26T02:44:59.000Z,6.02,99.98,0.84,56.362,201.4,0.00059599,30.65
2016-09-27T02:24:59.000Z,6.02,99.98,-32767,46.156,-32767,-32767,-32767
2016-09-28T02:39:59.000Z,6.02,99.98,-32767,49.414,-32767,-32767,-32767
2016-09-29T02:09:59.000Z,6.02,99.98,-32767,-32767,-32767,-32767,-32767
2016-09-30T02:54:59.000Z,6.02,99.98,-32767,-32767,-32767,-32767,-32767
2016-10-01T02:59:59.000Z,6.02,99.98,-32767,46.79,-32767,-32767,-32767
2016-10-02T02:44:59.000Z,6.02,99.98,-32767,-32767,-32767,-32767,30.97
2016-10-03T02:55:00.000Z,6.02,99.98,-32767,55.95,-32767,-32767,29.88
2016-10-04T02:30:00.000Z,6.02,99.98,-32767,31.084,-32767,-32767,-32767
2016-10-05T02:40:00.000Z,6.02,99.98,-32767,55.228,-32767,-32767,-32767
2016-10-06T02:20:00.000Z,6.02,99.98,-32767,-32767,-32767,-32767,-32767
2016-10-07T02:34:59.000Z,6.02,99.98,-32767,-32767,-32767,-32767,-32767
2016-10-08T02:59:59.000Z,6.02,99.98,-32767,55.218,-32767,-32767,-32767
2016-10-09T02:24:59.000Z,6.02,99.98,-32767,-32767,-32767,-32767,29.84
2016-10-10T02:59:59.000Z,6.02,99.98,-32767,33.832,-32767,-32767,-32767
2016-10-11T02:34:59.000Z,6.02,99.98,-32767,-32767,-32767,-32767,-32767
2016-10-12T02:49:59.000Z,6.02,99.98,-32767,48.564,-32767,-32767,29.86
2016-10-13T02:24:59.000Z,6.02,99.98,-32767,51.23,-32767,-32767,-32767
2016-10-14T02:39:59.000Z,6.02,99.98,-32767,51.918,-32767,-32767,-32767
2016-10-15T02:09:59.000Z,6.02,99.98,-32767,-32767,-32767,-32767,-32767
2016-10-16T02:30:00.000Z,6.02,99.98,-32767,-32767,-32767,-32767,-32767
2016-10-17T02:59:59.000Z,6.02,99.98,-32767,25.148,-32767,-32767,-32767
2016-10-18T02:20:00.000Z,6.02,99.98,-32767,-32767,-32767,-32767,-32767
2016-10-19T02:55:00.000Z,6.02,99.98,-32767,45.506,-32767,-32767,-32767
2016-10-20T02:09:59.000Z,6.02,99.98,-32767,7.65,-32767,-32767,-32767
2016-10-21T02:39:59.000Z,6.02,99.98,-32767,40.648,-32767,-32767,-32767
2016-10-22T02:14:59.000Z,6.02,99.98,-32767,-32767,-32767,-32767,-32767
2016-10-23T02:34:59.000Z,6.02,99.98,-32767,50.22,-32767,-32767,-32767
2016-10-24T02:59:59.000Z,6.02,99.98,-32767,47.77,-32767,-32767,-32767
2016-10-25T02:24:59.000Z,6.02,99.98,-32767,-32767,-32767,-32767,-32767
2016-10-26T02:59:59.000Z,6.02,99.98,-32767,46.58,-32767,-32767,-32767
2016-10-27T02:14:59.000Z,6.02,99.98,-32767,31.91,-32767,-32767,-32767
2016-10-28T02:49:59.000Z,6.02,99.98,-32767,52.814,-32767,-32767,-32767
2016-10-29T02:10:00.000Z,6.02,99.98,-32767,4.29,-32767,-32767,-32767
2016-10-30T02:39:59.000Z,6.02,99.98,0.78,53.63,171,0.001044,29.49
2016-10-31T02:10:00.000Z,6.02,99.98,-32767,-32767,-32767,-32767,-32767
2016-11-01T02:30:00.000Z,6.02,99.98,-32767,-32767,-32767,-32767,-32767
2016-11-02T03:00:00.000Z,6.02,99.98,-32767,33.894,-32767,-32767,-32767
2016-11-03T02:19:59.000Z,6.02,99.98,0.97,53.294,185.6,0.000792,30.39
2016-11-04T02:55:00.000Z,6.02,99.98,-32767,53.18,-32767,-32767,-32767
2016-11-05T02:09:59.000Z,6.02,99.98,-32767,8.9,-32767,-32767,-32767
2016-11-06T02:44:59.000Z,6.02,99.98,-32767,42.176,-32767,-32767,-32767
2016-11-07T02:04:59.000Z,6.02,99.98,-32767,-32767,-32767,-32767,-32767
2016-11-08T02:34:59.000Z,6.02,99.98,-32767,15.284,-32767,-32767,-32767
2016-11-09T02:59:59.000Z,6.02,99.98,-32767,51.13,-32767,-32767,-32767
2016-11-10T02:24:59.000Z,6.02,99.98,-32767,-32767,-32767,-32767,-32767
2016-11-11T02:59:59.000Z,6.02,99.98,0.71,52.3,193.2,0.00003,29.23
2016-11-12T02:15:00.000Z,6.02,99.98,0.56,45.498,120.2,0.000612,-32767
2016-11-13T02:49:59.000Z,6.02,99.98,-32767,37.138,-32767,-32767,-32767
2016-11-14T02:10:00.000Z,6.02,99.98,-32767,40.95,-32767,-32767,-32767
2016-11-15T02:40:00.000Z,6.02,99.98,-32767,49.706,-32767,-32767,-32767
2016-11-16T02:05:00.000Z,6.02,99.98,-32767,-32767,-32767,-32767,-32767
2016-11-17T02:30:00.000Z,6.02,99.98,-32767,48.762,-32767,-32767,-32767
2016-11-18T03:00:00.000Z,6.02,99.98,-32767,51.704,-32767,-32767,-32767
2016-11-19T02:19:59.000Z,6.02,99.98,-32767,35.982,-32767,-32767,-32767
2016-11-20T02:55:00.000Z,6.02,99.98,0.49,51.376,139.6,0.000294,30.35
2016-11-21T02:09:59.000Z,6.02,99.98,-32767,36.608,-32767,-32767,-32767
2016-11-22T02:44:59.000Z,6.02,99.98,-32767,50.558,-32767,-32767,-32767
2016-11-23T02:04:59.000Z,6.02,99.98,-32767,-32767,-32767,-32767,-32767
2016-11-24T02:34:59.000Z,6.02,99.98,-32767,44.572,-32767,-32767,-32767
2016-11-25T02:59:59.000Z,6.02,99.98,-32767,47.152,-32767,-32767,-32767
2016-11-26T02:24:59.000Z,6.02,99.98,-32767,50.948,-32767,-32767,-32767
2016-11-27T02:59:59.000Z,6.02,99.98,-32767,49.39,-32767,-32767,-32767
2016-11-28T02:15:00.000Z,6.02,99.98,-32767,44.944,-32767,-32767,-32767
2016-11-29T02:49:59.000Z,6.02,99.98,0.44,50.506,141,0.000018,-32767
2016-11-30T02:10:00.000Z,6.02,99.98,-32767,18.308,-32767,-32767,-32767
2016-12-01T02:40:00.000Z,6.02,99.98,-32767,28.706,-32767,-32767,-32767
2016-12-02T02:04:59.000Z,6.02,99.98,-32767,-32767,-32767,-32767,-32767
2016-12-03T02:29:59.000Z,6.02,99.98,-32767,-32767,-32767,-32767,-32767
2016-12-04T03:00:00.000Z,6.02,99.98,-32767,30.606,-32767,-32767,-32767
2016-12-05T02:19:59.000Z,6.02,99.98,-32767,45.53,-32767,-32767,-32767
2016-12-06T02:54:59.000Z,6.02,99.98,-32767,19.974,-32767,-32767,-32767
2016-12-07T02:09:59.000Z,6.02,99.98,-32767,18.352,-32767,-32767,-32767
2016-12-08T02:44:59.000Z,6.02,99.98,0.69,49.608,174,0.000514,30.14
2016-12-09T02:04:59.000Z,6.02,99.98,-32767,-32767,-32767,-32767,-32767
2016-12-10T02:34:59.000Z,6.02,99.98,-32767,41.84,-32767,-32767,-32767
2016-12-11T02:59:59.000Z,6.02,99.98,-32767,49.382,-32767,-32767,-32767
2016-12-12T02:25:00.000Z,6.02,99.98,-32767,48.546,-32767,-32767,-32767
2016-12-13T02:59:59.000Z,6.02,99.98,-32767,13.744,-32767,-32767,-32767
2016-12-14T02:15:00.000Z,6.02,99.98,-32767,21.83,-32767,-32767,-32767
2016-12-15T02:50:00.000Z,6.02,99.98,-32767,48.34,-32767,-32767,-32767
2016-12-16T02:09:59.000Z,6.02,99.98,-32767,47.66,-32767,-32767,29.52
2016-12-17T02:39:59.000Z,6.02,99.98,-32767,47.02,-32767,-32767,-32767
2016-12-18T02:04:59.000Z,6.02,99.98,-32767,-32767,-32767,-32767,-32767
2016-12-19T02:29:59.000Z,6.02,99.98,-32767,44.266,-32767,-32767,-32767
2016-12-20T02:59:59.000Z,6.02,99.98,-32767,18.496,-32767,-32767,-32767
2016-12-21T02:19:59.000Z,6.02,99.98,-32767,7.5,-32767,-32767,-32767
2016-12-22T02:54:59.000Z,6.02,99.98,-32767,48.914,-32767,-32767,-32767
2016-12-23T02:10:00.000Z,6.02,99.98,0.56,49.382,115.2,0.00002199,28.64
2016-12-24T02:44:59.000Z,6.02,99.98,-32767,21.446,-32767,-32767,-32767
2016-12-25T02:05:00.000Z,6.02,99.98,-32767,-32767,-32767,-32767,-32767
2016-12-26T02:35:00.000Z,6.02,99.98,-32767,49.48,-32767,-32767,-32767
2016-12-27T03:00:00.000Z,6.02,99.98,-32767,32.978,-32767,-32767,-32767
2016-12-28T02:25:00.000Z,6.02,99.98,-32767,44.306,-32767,-32767,-32767
2016-12-29T03:00:00.000Z,6.02,99.98,-32767,49.398,-32767,-32767,-32767
2016-12-30T02:14:59.000Z,6.02,99.98,-32767,41.642,-32767,-32767,-32767
2016-12-31T02:50:00.000Z,6.02,99.98,-32767,46.162,-32767,-32767,-32767
2017-01-01T02:09:59.000Z,6.02,99.98,-32767,16.238,-32767,-32767,-32767
2017-01-02T02:39:59.000Z,6.02,99.98,-32767,13.372,-32767,-32767,-32767
2017-01-03T02:05:00.000Z,6.02,99.98,-32767,-32767,-32767,-32767,-32767
2017-01-04T02:30:00.000Z,6.02,99.98,-32767,45.062,-32767,-32767,-32767
2017-01-05T03:00:00.000Z,6.02,99.98,-32767,44.458,-32767,-32767,-32767
2017-01-06T02:20:00.000Z,6.02,99.98,-32767,36.506,-32767,-32767,-32767
2017-01-07T02:55:00.000Z,6.02,99.98,-32767,35.26,-32767,-32767,-32767
2017-01-08T02:09:59.000Z,6.02,99.98,-32767,25.79,-32767,-32767,-32767
2017-01-09T02:44:59.000Z,6.02,99.98,-32767,9.538,-32767,-32767,-32767
2017-01-10T02:04:59.000Z,6.02,99.98,-32767,-32767,-32767,-32767,-32767
2017-01-11T02:34:59.000Z,6.02,99.98,-32767,50.14,-32767,-32767,-32767
2017-01-12T02:59:59.000Z,6.02,99.98,-32767,43.05,-32767,-32767,-32767
2017-01-13T02:24:59.000Z,6.02,99.98,0.75,50.432,162,0.000218,29.86
2017-01-14T02:59:59.000Z,6.02,99.98,-32767,50.114,-32767,-32767,-32767
2017-01-15T02:14:59.000Z,6.02,99.98,0.65,50.61,138.8,0.000222,30.5
2017-01-16T02:49:59.000Z,6.02,99.98,0.78,50.54,182.6,0.000014,30.49
2017-01-17T02:10:00.000Z,6.02,99.98,-32767,48.992,-32767,-32767,-32767
2017-01-18T02:40:00.000Z,6.02,99.98,-32767,50.706,-32767,-32767,-32767
2017-01-19T02:05:00.000Z,6.02,99.98,-32767,-32767,-32767,-32767,-32767
2017-01-20T02:30:00.000Z,6.02,99.98,-32767,-32767,-32767,-32767,-32767
2017-01-21T03:00:00.000Z,6.02,99.98,-32767,44.112,-32767,-32767,-32767
2017-01-22T02:19:59.000Z,6.02,99.98,-32767,33.93,-32767,-32767,-32767
2017-01-23T02:54:58.000Z,6.02,99.98,-32767,48.43,-32767,-32767,-32767
2017-01-24T02:09:59.000Z,6.02,99.98,-32767,30.748,-32767,-32767,-32767
2017-01-25T02:44:59.000Z,6.02,99.98,-32767,37.502,-32767,-32767,-32767
2017-01-26T02:04:59.000Z,6.02,99.98,-32767,-32767,-32767,-32767,-32767
2017-01-27T02:34:59.000Z,6.02,99.98,0.9,51.79,184.8,0.000014,29.82
2017-01-28T02:59:59.000Z,6.02,99.98,-32767,36.216,-32767,-32767,-32767
2017-01-29T02:24:59.000Z,6.02,99.98,-32767,-32767,-32767,-32767,-32767
2017-01-30T02:59:59.000Z,6.02,99.98,0.78,52.234,189.2,0.000014,29.8
2017-01-31T02:15:00.000Z,6.02,99.98,-32767,47.596,-32767,-32767,-32767
2017-02-01T02:49:59.000Z,6.02,99.98,-32767,52.67,-32767,-32767,-32767
2017-02-02T02:10:00.000Z,6.02,99.98,-32767,50.804,-32767,-32767,29.38
2017-02-03T02:40:00.000Z,6.02,99.98,-32767,40.626,-32767,-32767,-32767
2017-02-04T02:10:00.000Z,6.02,99.98,-32767,-32767,-32767,-32767,-32767
2017-02-05T02:29:59.000Z,6.02,99.98,0.69,53.054,171,0.000244,30.03
2017-02-06T03:00:00.000Z,6.02,99.98,-32767,49.184,-32767,-32767,-32767
2017-02-07T02:19:59.000Z,6.02,99.98,-32767,52.332,-32767,-32767,-32767
2017-02-08T02:54:59.000Z,6.02,99.98,0.63,53.574,406,-32767,29.49
2017-02-09T02:09:59.000Z,6.02,99.98,-32767,53.852,-32767,-32767,-32767
2017-02-10T02:44:59.000Z,6.02,99.98,0.85,53.772,185.8,0.000016,30.3
2017-02-11T02:14:59.000Z,6.02,99.98,-32767,-32767,-32767,-32767,-32767
2017-02-12T02:34:59.000Z,6.02,99.98,-32767,41.99,-32767,-32767,-32767
2017-02-13T02:59:59.000Z,6.02,99.98,-32767,54.174,-32767,-32767,29
2017-02-14T02:25:00.000Z,6.02,99.98,-32767,-32767,-32767,-32767,29.05
2017-02-15T02:59:59.000Z,6.02,99.98,-32767,50.702,-32767,-32767,-32767
2017-02-16T02:15:00.000Z,6.02,99.98,3.35,54.584,306,0.000584,28.74
2017-02-17T02:50:00.000Z,6.02,99.98,4.44,54.48,368.2,0.001168,29.41
2017-02-18T02:20:00.000Z,6.02,99.98,-32767,54.854,-32767,-32767,29.85
2017-02-19T02:40:00.000Z,6.02,99.98,-32767,54.534,-32767,-32767,-32767
2017-02-20T02:10:00.000Z,6.02,99.98,-32767,-32767,-32767,-32767,-32767
2017-02-21T02:29:59.000Z,6.02,99.98,-32767,-32767,-32767,-32767,-32767
2017-02-22T03:00:00.000Z,6.02,99.98,-32767,47.64,-32767,-32767,-32767
2017-02-23T02:19:59.000Z,6.02,99.98,-32767,32.838,-32767,-32767,-32767
2017-02-24T02:54:59.000Z,6.02,99.98,-32767,18.01,-32767,-32767,-32767
2017-02-25T02:29:59.000Z,6.02,99.98,0.7,55.534,125.4,0.000014,30.98
2017-02-26T02:44:59.000Z,6.02,99.98,-32767,54.316,-32767,-32767,-32767
2017-02-27T02:14:59.000Z,6.02,99.98,-32767,-32767,-32767,-32767,-32767
2017-02-28T02:34:59.000Z,6.02,99.98,-32767,-32767,-32767,-32767,-32767
2017-03-01T02:59:59.000Z,6.02,99.98,-32767,33.294,-32767,-32767,-32767
2017-03-02T02:25:00.000Z,6.02,99.98,-32767,-32767,-32767,-32767,-32767
2017-03-03T02:59:59.000Z,6.02,99.98,-32767,53.306,-32767,-32767,29.67
2017-03-04T02:34:59.000Z,6.02,99.98,0.58,56.372,116.8,0.000024,30.89
2017-03-05T02:50:00.000Z,6.02,99.98,-32767,49.162,-32767,-32767,-32767
2017-03-06T02:25:00.000Z,6.02,99.98,-32767,49.308,-32767,-32767,-32767
2017-03-07T02:40:00.000Z,6.02,99.98,-32767,56.358,-32767,-32767,-32767
2017-03-08T02:10:00.000Z,6.02,99.98,-32767,-32767,-32767,-32767,-32767
2017-03-09T02:54:59.000Z,6.02,99.98,-32767,-32767,-32767,-32767,31.48
2017-03-10T02:59:59.000Z,6.02,99.98,2.94,56.948,-32767,-32767,31.56
2017-03-11T02:45:00.000Z,6.02,99.98,1.03,57.034,263.4,0.000014,31.17
2017-03-12T02:54:59.000Z,6.02,99.98,1.17,56.944,220.4,0.000014,31.04
2017-03-13T02:29:59.000Z,6.02,99.98,0.7,57.266,132.8,0.000014,30.42
2017-03-14T02:44:59.000Z,6.02,99.98,0.84,57.054,173.8,0.000014,31.66
2017-03-15T02:19:59.000Z,6.02,99.98,-32767,-32767,-32767,-32767,-32767
2017-03-16T03:00:00.000Z,6.02,99.98,-32767,-32767,-32767,-32767,-32767
2017-03-17T02:59:59.000Z,6.02,99.98,-32767,34.97,-32767,-32767,-32767
2017-03-18T02:49:59.000Z,6.02,99.98,-32767,-32767,-32767,-32767,-32767
2017-03-19T02:59:59.000Z,6.02,99.98,-32767,55.292,-32767,-32767,-32767
2017-03-20T02:39:59.000Z,6.02,99.98,-32767,54.464,-32767,-32767,-32767
2017-03-21T02:50:00.000Z,6.02,99.98,-32767,35.018,-32767,-32767,-32767
2017-03-22T02:25:00.000Z,6.02,99.98,-32767,57.51,-32767,-32767,-32767
2017-03-23T02:40:00.000Z,6.02,99.98,1.06,57.346,195.6,0.00014599,31.37
2017-03-24T02:15:00.000Z,6.02,99.98,-32767,-32767,-32767,-32767,-32767
2017-03-25T02:59:59.000Z,6.02,99.98,-32767,-32767,-32767,-32767,-32767
2017-03-26T03:00:00.000Z,6.02,99.98,-32767,57.474,-32767,-32767,33.67
2017-03-27T02:45:00.000Z,6.02,99.98,-32767,57.69,-32767,-32767,31.8
2017-03-28T02:54:59.000Z,6.02,99.98,-32767,28.636,-32767,-32767,-32767
2017-03-29T02:35:00.000Z,6.02,99.98,-32767,49.99,-32767,-32767,-32767
2017-03-30T02:44:59.000Z,6.02,99.98,-32767,55.798,-32767,-32767,-32767
2017-03-31T02:19:59.000Z,6.02,99.98,-32767,-32767,-32767,-32767,-32767
2017-04-01T03:00:00.000Z,6.02,99.98,-32767,-32767,-32767,-32767,30.78
2017-04-02T02:59:59.000Z,6.02,99.98,-32767,55.778,-32767,-32767,-32767
2017-04-03T02:49:59.000Z,6.02,99.98,-32767,-32767,-32767,-32767,-32767
2017-04-04T02:59:59.000Z,6.02,99.98,-32767,45.72,-32767,-32767,-32767
2017-04-05T02:39:59.000Z,6.02,99.98,-32767,42.744,-32767,-32767,-32767
2017-04-06T02:50:00.000Z,6.02,99.98,-32767,17.304,-32767,-32767,-32767
2017-04-07T02:25:00.000Z,6.02,99.98,-32767,57.454,-32767,-32767,29.61
2017-04-08T02:40:00.000Z,6.02,99.98,-32767,40.62,-32767,-32767,-32767
2017-04-09T02:15:00.000Z,6.02,99.98,-32767,-32767,-32767,-32767,-32767
2017-04-10T02:54:59.000Z,6.02,99.98,-32767,-32767,-32767,-32767,31.01
2017-04-11T03:00:00.000Z,6.02,99.98,-32767,57.256,-32767,-32767,-32767
2017-04-12T02:45:00.000Z,6.02,99.98,-32767,-32767,-32767,-32767,-32767
2017-04-13T02:54:59.000Z,6.02,99.98,-32767,56.696,-32767,-32767,-32767
2017-04-14T02:35:00.000Z,6.02,99.98,-32767,54.138,-32767,-32767,-32767
2017-04-15T02:44:59.000Z,6.02,99.98,0.45,57.268,102.4,0.000014,31.05
2017-04-16T02:19:59.000Z,6.02,99.98,-32767,-32767,-32767,-32767,-32767
2017-04-17T03:00:00.000Z,6.02,99.98,-32767,-32767,-32767,-32767,31.81
2017-04-18T02:59:59.000Z,6.02,99.98,-32767,54.976,-32767,-32767,-32767
2017-04-19T02:49:59.000Z,6.02,99.98,-32767,-32767,-32767,-32767,32.76
2017-04-20T02:59:59.000Z,6.02,99.98,-32767,47.916,-32767,-32767,-32767
2017-04-21T02:39:59.000Z,6.02,99.98,0.53,56.966,109.4,0.000014,31.22
2017-04-22T02:50:00.000Z,6.02,99.98,-32767,56.246,-32767,-32767,-32767
2017-04-23T02:24:59.000Z,6.02,99.98,-32767,54.502,-32767,-32767,-32767
2017-04-24T02:40:00.000Z,6.02,99.98,-32767,53.452,-32767,-32767,-32767
2017-04-25T02:15:00.000Z,6.02,99.98,-32767,-32767,-32767,-32767,-32767
2017-04-26T02:54:59.000Z,6.02,99.98,-32767,-32767,-32767,-32767,31.65
2017-04-27T03:00:00.000Z,6.02,99.98,-32767,36.364,-32767,-32767,-32767
2017-04-28T02:45:00.000Z,6.02,99.98,-32767,38.572,-32767,-32767,-32767
2017-04-29T02:54:59.000Z,6.02,99.98,-32767,55.386,-32767,-32767,-32767
2017-04-30T02:29:59.000Z,6.02,99.98,-32767,55.184,-32767,-32767,-32767
2017-05-01T02:44:59.000Z,6.02,99.98,0.54,56.326,127.2,0.000014,31.65
2017-05-02T02:19:59.000Z,6.02,99.98,-32767,-32767,-32767,-32767,-32767
2017-05-03T03:00:00.000Z,6.02,99.98,-32767,-32767,-32767,-32767,30.93
2017-05-04T02:09:59.000Z,6.02,99.98,-32767,55.748,-32767,-32767,-32767
2017-05-05T02:49:59.000Z,6.02,99.98,-32767,-32767,-32767,-32767,-32767
2017-05-06T02:59:59.000Z,6.02,99.98,-32767,49.912,-32767,-32767,-32767
2017-05-07T02:39:59.000Z,6.02,99.98,-32767,51.284,-32767,-32767,-32767
2017-05-08T02:50:00.000Z,6.02,99.98,0.54,55.864,129.6,0.000104,31.86
2017-05-09T02:24:59.000Z,6.02,99.98,-32767,55.908,-32767,-32767,-32767
2017-05-10T02:40:00.000Z,6.02,99.98,-32767,54.374,-32767,-32767,-32767
2017-05-11T02:15:00.000Z,6.02,99.98,-32767,-32767,-32767,-32767,-32767
2017-05-12T02:54:59.000Z,6.02,99.98,-32767,-32767,-32767,-32767,-32767
2017-05-13T03:00:00.000Z,6.02,99.98,-32767,25.448,-32767,-32767,-32767
2017-05-14T02:45:00.000Z,6.02,99.98,-32767,49.952,-32767,-32767,-32767
2017-05-15T02:54:59.000Z,6.02,99.98,-32767,54.166,-32767,-32767,-32767
2017-05-16T02:29:59.000Z,6.02,99.98,-32767,30.324,-32767,-32767,-32767
2017-05-17T02:44:59.000Z,6.02,99.98,0.72,55.31,165.2,0.000014,-32767
2017-05-18T02:19:59.000Z,6.02,99.98,-32767,-32767,-32767,-32767,-32767
2017-05-19T02:59:59.000Z,6.02,99.98,-32767,-32767,-32767,-32767,-32767
2017-05-20T02:09:59.000Z,6.02,99.98,-32767,50.366,-32767,-32767,-32767
2017-05-21T02:49:59.000Z,6.02,99.98,-32767,-32767,-32767,-32767,-32767
2017-05-22T02:59:59.000Z,6.02,99.98,-32767,50.026,-32767,-32767,-32767
2017-05-23T02:39:59.000Z,6.02,99.98,-32767,30.014,-32767,-32767,-32767
2017-05-24T02:50:00.000Z,6.02,99.98,-32767,48.09,-32767,-32767,-32767
2017-05-25T02:25:00.000Z,6.02,99.98,-32767,42.646,-32767,-32767,-32767
2017-05-26T02:40:00.000Z,6.02,99.98,-32767,53.73,-32767,-32767,-32767
2017-05-27T02:15:00.000Z,6.02,99.98,-32767,-32767,-32767,-32767,-32767
2017-05-28T02:54:59.000Z,6.02,99.98,-32767,31.04,-32767,-32767,-32767
2017-05-29T02:59:59.000Z,6.02,99.98,-32767,32.004,-32767,-32767,-32767
2017-05-30T02:45:00.000Z,6.02,99.98,-32767,54.196,-32767,-32767,-32767
2017-05-31T02:54:59.000Z,6.02,99.98,-32767,44.35,-32767,-32767,-32767
2017-06-01T02:29:59.000Z,6.02,99.98,-32767,33.248,-32767,-32767,-32767
2017-06-02T02:44:59.000Z,6.02,99.98,1.25,54.47,371.2,0.000018,28.91
2017-06-03T02:19:59.000Z,6.02,99.98,-32767,-32767,-32767,-32767,-32767
2017-06-04T02:59:59.000Z,6.02,99.98,-32767,53.3,-32767,-32767,-32767
2017-06-05T02:09:59.000Z,6.02,99.98,-32767,43.464,-32767,-32767,-32767
2017-06-06T02:49:59.000Z,6.02,99.98,-32767,49.526,-32767,-32767,-32767
2017-06-07T02:59:59.000Z,6.02,99.98,-32767,34.052,-32767,-32767,-32767
2017-06-08T02:39:59.000Z,6.02,99.98,-32767,47.638,-32767,-32767,-32767
2017-06-09T02:50:00.000Z,6.02,99.98,0.72,54.466,170,0.000014,32.29
2017-06-10T02:25:00.000Z,6.02,99.98,-32767,53.708,-32767,-32767,-32767
2017-06-11T02:40:00.000Z,6.02,99.98,-32767,52.75,-32767,-32767,-32767
2017-06-12T02:15:00.000Z,6.02,99.98,-32767,-32767,-32767,-32767,-32767
2017-06-13T02:54:59.000Z,6.02,99.98,-32767,-32767,-32767,-32767,31.97
2017-06-14T02:59:59.000Z,6.02,99.98,-32767,44.5,-32767,-32767,-32767
2017-06-15T02:45:00.000Z,6.02,99.98,-32767,42.734,-32767,-32767,-32767
2017-06-16T02:54:59.000Z,6.02,99.98,0.56,54.224,129.6,0.000014,31.78
2017-06-17T02:29:59.000Z,6.02,99.98,0.42,54.316,98,0.000014,31.59
2017-06-18T02:44:59.000Z,6.02,99.98,-32767,10.548,-32767,-32767,-32767
2017-06-19T02:19:59.000Z,6.02,99.98,-32767,-32767,-32767,-32767,-32767
2017-06-20T02:59:59.000Z,6.02,99.98,-32767,53.862,-32767,-32767,-32767
2017-06-21T02:04:59.000Z,6.02,99.98,-32767,38.382,-32767,-32767,-32767
2017-06-22T02:49:59.000Z,6.02,99.98,-32767,18.932,-32767,-32767,-32767
2017-06-23T02:59:59.000Z,6.02,99.98,-32767,5.456,-32767,-32767,-32767
2017-06-24T02:39:59.000Z,6.02,99.98,-32767,23.592,-32767,-32767,-32767
2017-06-25T02:50:00.000Z,6.02,99.98,-32767,23.502,-32767,-32767,-32767
2017-06-26T02:25:00.000Z,6.02,99.98,-32767,50.74,-32767,-32767,-32767
2017-06-27T02:40:00.000Z,6.02,99.98,-32767,36.946,-32767,-32767,-32767
2017-06-28T02:15:00.000Z,6.02,99.98,-32767,-32767,-32767,-32767,-32767
2017-06-29T02:54:59.000Z,6.02,99.98,-32767,-32767,-32767,-32767,-32767
2017-06-30T02:59:59.000Z,6.02,99.98,-32767,6.746,-32767,-32767,-32767
2017-07-01T02:45:00.000Z,6.02,99.98,-32767,53.372,-32767,-32767,-32767
2017-07-02T02:54:59.000Z,6.02,99.98,-32767,47.402,-32767,-32767,-32767
2017-07-03T02:29:59.000Z,6.02,99.98,-32767,53.182,-32767,-32767,-32767
2017-07-04T02:44:59.000Z,6.02,99.98,0.58,54.304,150.8,0.000014,29.39
2017-07-05T02:19:59.000Z,6.02,99.98,-32767,-32767,-32767,-32767,-32767
2017-07-06T02:59:59.000Z,6.02,99.98,-32767,-32767,-32767,-32767,31.06
2017-07-07T02:04:59.000Z,6.02,99.98,-32767,44.466,-32767,-32767,-32767
2017-07-08T02:49:59.000Z,6.02,99.98,-32767,46.282,-32767,-32767,-32767
2017-07-09T02:59:59.000Z,6.02,99.98,-32767,39.756,-32767,-32767,-32767
2017-07-10T02:39:59.000Z,6.02,99.98,0.59,53.878,124.2,0.000014,32.86
2017-07-11T02:50:00.000Z,6.02,99.98,-32767,52.78,-32767,-32767,-32767
2017-07-12T02:25:00.000Z,6.02,99.98,-32767,12.516,-32767,-32767,-32767
2017-07-13T02:40:00.000Z,6.02,99.98,-32767,16.584,-32767,-32767,-32767
2017-07-14T02:15:00.000Z,6.02,99.98,-32767,-32767,-32767,-32767,-32767
2017-07-15T02:54:59.000Z,6.02,99.98,-32767,-32767,-32767,-32767,-32767
2017-07-16T02:59:58.000Z,6.02,99.98,-32767,43.856,-32767,-32767,-32767
2017-07-17T02:45:00.000Z,6.02,99.98,-32767,29.888,-32767,-32767,-32767
2017-07-18T02:54:59.000Z,6.02,99.98,-32767,52.91,-32767,-32767,-32767
2017-07-19T02:29:59.000Z,6.02,99.98,-32767,53.442,-32767,-32767,-32767
2017-07-20T02:44:59.000Z,6.02,99.98,-32767,46.304,-32767,-32767,-32767
2017-07-21T02:19:59.000Z,6.02,99.98,-32767,-32767,-32767,-32767,-32767
2017-07-22T03:00:00.000Z,6.02,99.98,-32767,51.716,-32767,-32767,-32767
2017-07-23T02:04:59.000Z,6.02,99.98,-32767,19.614,-32767,-32767,-32767
2017-07-24T02:49:59.000Z,6.02,99.98,-32767,50.278,-32767,-32767,-32767
2017-07-25T02:59:59.000Z,6.02,99.98,-32767,53.704,-32767,-32767,31.19
2017-07-26T02:39:59.000Z,6.02,99.98,-32767,37.124,-32767,-32767,-32767
2017-07-27T02:49:59.000Z,6.02,99.98,-32767,52.74,-32767,-32767,-32767
2017-07-28T02:24:59.000Z,6.02,99.98,-32767,32.224,-32767,-32767,-32767
2017-07-29T02:40:00.000Z,6.02,99.98,-32767,44.322,-32767,-32767,-32767
2017-07-30T02:15:00.000Z,6.02,99.98,-32767,-32767,-32767,-32767,-32767
2017-07-31T02:54:59.000Z,6.02,99.98,-32767,-32767,-32767,-32767,-32767
2017-08-01T03:00:00.000Z,6.02,99.98,-32767,32.244,-32767,-32767,-32767
2017-08-02T02:45:00.000Z,6.02,99.98,-32767,54.904,-32767,-32767,28.92
2017-08-03T02:54:59.000Z,6.02,99.98,-32767,39.388,-32767,-32767,-32767
2017-08-04T02:30:00.000Z,6.02,99.98,-32767,40.286,-32767,-32767,-32767
2017-08-05T02:44:59.000Z,6.02,99.98,-32767,32.508,-32767,-32767,-32767
2017-08-06T02:19:59.000Z,6.02,99.98,-32767,-32767,-32767,-32767,-32767
2017-08-07T03:00:00.000Z,6.02,99.98,-32767,-32767,-32767,-32767,-32767
2017-08-08T02:59:59.000Z,6.02,99.98,-32767,32.906,-32767,-32767,-32767
2017-08-09T02:49:59.000Z,6.02,99.98,-32767,-32767,-32767,-32767,-32767
2017-08-10T02:59:59.000Z,6.02,99.98,-32767,35.186,-32767,-32767,-32767
2017-08-11T02:39:59.000Z,6.02,99.98,0.31,55.96,87.4,0.000098,31.64
2017-08-12T02:49:59.000Z,6.02,99.98,-32767,51.884,-32767,-32767,-32767
2017-08-13T02:24:59.000Z,6.02,99.98,-32767,28,-32767,-32767,-32767
2017-08-14T02:40:00.000Z,6.02,99.98,-32767,32.254,-32767,-32767,-32767
2017-08-15T02:15:00.000Z,6.02,99.98,-32767,-32767,-32767,-32767,-32767
2017-08-16T02:54:59.000Z,6.02,99.98,-32767,-32767,-32767,-32767,-32767
2017-08-17T03:00:00.000Z,6.02,99.98,-32767,31.85,-32767,-32767,-32767
2017-08-18T02:44:59.000Z,6.02,99.98,-32767,52.934,-32767,-32767,-32767
2017-08-19T02:55:00.000Z,6.02,99.98,-32767,46.666,-32767,-32767,-32767
2017-08-20T02:30:00.000Z,6.02,99.98,-32767,55.294,-32767,-32767,-32767
2017-08-21T02:44:59.000Z,6.02,99.98,-32767,47.398,-32767,-32767,-32767
2017-08-22T02:19:59.000Z,6.02,99.98,-32767,-32767,-32767,-32767,-32767
2017-08-23T03:00:00.000Z,6.02,99.98,-32767,49.974,-32767,-32767,-32767
2017-08-24T02:59:59.000Z,6.02,99.98,-32767,27.004,-32767,-32767,-32767
2017-08-25T02:49:59.000Z,6.02,99.98,-32767,-32767,-32767,-32767,-32767
2017-08-26T02:59:59.000Z,6.02,99.98,-32767,56.392,-32767,-32767,-32767
2017-08-27T02:39:59.000Z,6.02,99.98,-32767,27.192,-32767,-32767,-32767
2017-08-28T02:49:59.000Z,6.02,99.98,-32767,43.696,-32767,-32767,-32767
2017-08-29T02:24:59.000Z,6.02,99.98,-32767,11.37,-32767,-32767,-32767
2017-08-30T02:40:00.000Z,6.02,99.98,-32767,51.944,-32767,-32767,-32767
2017-08-31T02:15:00.000Z,6.02,99.98,-32767,-32767,-32767,-32767,-32767
2017-09-01T02:55:09.000Z,6.02,99.98,-32767,-32767,-32767,-32767,-32767
2017-09-02T03:00:00.000Z,6.02,99.98,0.38,56.974,94.2,0.00013199,30.4
2017-09-03T02:44:59.000Z,6.02,99.98,0.36,56.964,92,0.000116,31.87
2017-09-04T02:55:00.000Z,6.02,99.98,0.46,56.856,111.6,0.000012,30.43
2017-09-05T02:30:00.000Z,6.02,99.98,-32767,55.078,-32767,-32767,-32767
2017-09-06T02:44:59.000Z,6.02,99.98,-32767,56.36,-32767,-32767,-32767
2017-09-07T02:19:59.000Z,6.02,99.98,-32767,-32767,-32767,-32767,-32767
2017-09-08T03:00:00.000Z,6.02,99.98,-32767,-32767,-32767,-32767,-32767
2017-09-09T02:59:59.000Z,6.02,99.98,-32767,55.452,-32767,-32767,-32767
2017-09-10T02:50:00.000Z,6.02,99.98,-32767,-32767,-32767,-32767,-32767
2017-09-11T02:59:59.000Z,6.02,99.98,-32767,56.528,-32767,-32767,-32767
2017-09-12T02:39:59.000Z,6.02,99.98,-32767,45.672,-32767,-32767,-32767
2017-09-13T02:49:59.000Z,6.02,99.98,0.44,56.672,106.2,0.000018,32.64
2017-09-14T02:24:59.000Z,6.02,99.98,-32767,54.158,-32767,-32767,-32767
2017-09-15T02:40:00.000Z,6.02,99.98,-32767,22.766,-32767,-32767,-32767
2017-09-16T02:15:00.000Z,6.02,99.98,-32767,-32767,-32767,-32767,-32767
2017-09-17T02:54:59.000Z,6.02,99.98,-32767,-32767,-32767,-32767,-32767
2017-09-18T03:00:00.000Z,6.02,99.98,-32767,42.494,-32767,-32767,-32767
2017-09-19T02:44:59.000Z,6.02,99.98,-32767,-32767,-32767,-32767,-32767
2017-09-20T02:55:00.000Z,6.02,99.98,-32767,40.402,-32767,-32767,-32767
2017-09-21T02:30:00.000Z,6.02,99.98,-32767,33.266,-32767,-32767,-32767
2017-09-22T02:44:59.000Z,6.02,99.98,-32767,7.932,-32767,-32767,-32767
2017-09-23T02:19:59.000Z,6.02,99.98,-32767,-32767,-32767,-32767,-32767
2017-09-24T03:00:00.000Z,6.02,99.98,-32767,48.804,-32767,-32767,-32767
2017-09-25T02:59:59.000Z,6.02,99.98,-32767,52.452,-32767,-32767,-32767
2017-09-26T02:50:00.000Z,6.02,99.98,-32767,-32767,-32767,-32767,-32767
2017-09-27T02:59:59.000Z,6.02,99.98,-32767,54.814,-32767,-32767,-32767
2017-09-28T02:39:59.000Z,6.02,99.98,-32767,49.106,-32767,-32767,-32767
2017-09-29T02:49:59.000Z,6.02,99.98,-32767,54.258,-32767,-32767,-32767
2017-09-30T02:24:59.000Z,6.02,99.98,-32767,26.276,-32767,-32767,-32767
2017-10-01T02:40:00.000Z,6.02,99.98,-32767,45.526,-32767,-32767,-32767
2017-10-02T02:10:00.000Z,6.02,99.98,-32767,-32767,-32767,-32767,-32767
2017-10-03T02:54:59.000Z,6.02,99.98,-32767,-32767,-32767,-32767,-32767
2017-10-04T03:00:00.000Z,6.02,99.98,-32767,25.426,-32767,-32767,-32767
2017-10-05T02:44:59.000Z,6.02,99.98,-32767,-32767,-32767,-32767,-32767
2017-10-06T02:55:00.000Z,6.02,99.98,0.63,55.736,153,0.000248,30.75
2017-10-07T02:30:00.000Z,6.02,99.98,0.36,56.13,92.6,0.000252,30.1
2017-10-08T02:44:59.000Z,6.02,99.98,-32767,48.476,-32767,-32767,-32767
2017-10-09T02:19:59.000Z,6.02,99.98,-32767,-32767,-32767,-32767,-32767
2017-10-10T02:34:59.000Z,6.02,99.98,-32767,53.02,-32767,-32767,-32767
2017-10-11T02:59:59.000Z,6.02,99.98,-32767,47.432,-32767,-32767,-32767
2017-10-12T02:24:59.000Z,6.02,99.98,-32767,-32767,-32767,-32767,-32767
2017-10-13T02:59:59.000Z,6.02,99.98,-32767,16.014,-32767,-32767,-32767
2017-10-14T02:15:00.000Z,6.02,99.98,-32767,35.144,-32767,-32767,-32767
2017-10-15T02:49:59.000Z,6.02,99.98,-32767,43.554,-32767,-32767,-32767
2017-10-16T02:24:59.000Z,6.02,99.98,-32767,52.588,-32767,-32767,-32767
2017-10-17T02:40:00.000Z,6.02,99.98,-32767,40.54,-32767,-32767,-32767
2017-10-18T02:10:00.000Z,6.02,99.98,-32767,-32767,-32767,-32767,-32767
2017-10-19T02:29:58.000Z,6.02,99.98,-32767,-32767,-32767,-32767,31.77
2017-10-20T03:00:00.000Z,6.02,99.98,-32767,54.802,-32767,-32767,32.47
2017-10-21T02:19:59.000Z,6.02,99.98,-32767,-32767,-32767,-32767,-32767
2017-10-22T02:54:58.000Z,6.02,99.98,-32767,50.61,-32767,-32767,-32767
2017-10-23T02:09:59.000Z,6.02,99.98,-32767,53.858,-32767,-32767,-32767
2017-10-24T02:44:59.000Z,6.02,99.98,-32767,53.63,-32767,-32767,-32767
2017-10-25T02:14:59.000Z,6.02,99.98,-32767,-32767,-32767,-32767,-32767
2017-10-26T02:34:59.000Z,6.02,99.98,0.7,54.208,161.4,0.000014,30.19
2017-10-27T02:59:59.000Z,6.02,99.98,-32767,47.858,-32767,-32767,-32767
2017-10-28T02:24:59.000Z,6.02,99.98,-32767,50.802,-32767,-32767,-32767
2017-10-29T02:59:59.000Z,6.02,99.98,-32767,28.898,-32767,-32767,-32767
2017-10-30T02:15:00.000Z,6.02,99.98,-32767,48.346,-32767,-32767,-32767
2017-10-31T02:49:59.000Z,6.02,99.98,-32767,49.038,-32767,-32767,-32767
2017-11-01T02:10:00.000Z,6.02,99.98,-32767,50.586,-32767,-32767,-32767
2017-11-02T02:40:00.000Z,6.02,99.98,-32767,48.414,-32767,-32767,-32767